{"cameraMode":{"drawMode":0,"name":"Shaded","section":"Shading Mode"},"sceneLighting":true,"audioPlay":false,"sceneViewState":{"m_AlwaysRefresh":false,"showFog":true,"showSkybox":true,"showFlares":true,"showImageEffects":true,"showParticleSystems":true,"showVisualEffectGraphs":true,"m_FxEnabled":true},"in2DMode":false,"pivot":{"x":-9.424522399902344,"y":-0.6100997924804688,"z":-13.061176300048829},"rotation":{"x":0.20694024860858918,"y":-0.3367878794670105,"z":0.07616371661424637,"w":0.9155345559120178},"size":14.292051315307618,"orthographic":false}