{"cameraMode":{"drawMode":0,"name":"Shaded","section":"Shading Mode"},"sceneLighting":true,"audioPlay":false,"sceneViewState":{"m_AlwaysRefresh":false,"showFog":true,"showSkybox":true,"showFlares":true,"showImageEffects":true,"showParticleSystems":true,"showVisualEffectGraphs":true,"m_FxEnabled":true},"in2DMode":false,"pivot":{"x":2.4814302921295168,"y":1.3162250518798829,"z":-0.8576898574829102},"rotation":{"x":0.29883915185928347,"y":0.5811716914176941,"z":-0.2422027885913849,"w":0.7172435522079468},"size":3.348525047302246,"orthographic":false}